{
  "L0": {
    "physical": 0.8094304566778266,
    "social": 0.006498759678061017,
    "context": 0.8058192518328079,
    "risk": 0.6981393949882269,
    "compassion": 0.3402505165179919,
    "justice": 0.15547949981178155,
    "harm_sens": 0.9572130722067812,
    "responsibility": 0.33659454511262676,
    "empathy": 0.09274584338014791
  },
  "L1": {
    "physical": 0.6197133992289419,
    "social": 0.4125053776113335,
    "context": 0.4375146591845596,
    "risk": 0.16696322144464684,
    "compassion": 0.8577649249574043,
    "justice": 0.8368448205980189,
    "harm_sens": 0.3176538703114536,
    "responsibility": 0.5347755330517665,
    "empathy": 0.6898648188583717
  },
  "L2": {
    "physical": 0.7047152283389133,
    "social": 0.40324937983903053,
    "context": 0.7029096259164039,
    "risk": 0.3094418184964681,
    "compassion": 0.7190876807812971,
    "justice": 0.6544178249341235,
    "harm_sens": 0.33716392166203435,
    "responsibility": 0.6346378180450507,
    "empathy": 0.5417356295210666
  },
  "meta": {
    "seed": 42,
    "attempted": 300,
    "profiles": [
      "safe",
      "balanced",
      "chaos"
    ]
  }
}